{"cameraMode":{"drawMode":0,"name":"Shaded","section":"Shading Mode"},"sceneLighting":false,"audioPlay":false,"sceneViewState":{"m_AlwaysRefresh":false,"showFog":true,"showSkybox":false,"showFlares":true,"showImageEffects":true,"showParticleSystems":true,"showVisualEffectGraphs":true,"m_FxEnabled":true},"in2DMode":false,"pivot":{"x":-0.17262043058872224,"y":0.32442331314086916,"z":-1.376917839050293},"rotation":{"x":0.0886753648519516,"y":0.004818882793188095,"z":-0.00011954652291024104,"w":0.9958553910255432},"size":1.2926020622253419,"orthographic":false}