{"cameraMode":{"drawMode":0,"name":"Shaded","section":"Shading Mode"},"sceneLighting":false,"audioPlay":false,"sceneViewState":{"m_AlwaysRefresh":false,"showFog":true,"showSkybox":false,"showFlares":true,"showImageEffects":true,"showParticleSystems":true,"showVisualEffectGraphs":true,"m_FxEnabled":true},"in2DMode":false,"pivot":{"x":-3.8568966388702394,"y":1.6179981231689454,"z":22.18038558959961},"rotation":{"x":-0.0006739204400219023,"y":0.9953922629356384,"z":0.0056510972790420059,"w":0.09433052688837052},"size":2.1944937705993654,"orthographic":false}