{"cameraMode":{"drawMode":0,"name":"Shaded","section":"Shading Mode"},"sceneLighting":false,"audioPlay":false,"sceneViewState":{"m_AlwaysRefresh":false,"showFog":true,"showSkybox":false,"showFlares":true,"showImageEffects":true,"showParticleSystems":true,"showVisualEffectGraphs":true,"m_FxEnabled":true},"in2DMode":false,"pivot":{"x":-0.007108144462108612,"y":0.3333021402359009,"z":0.24855011701583863},"rotation":{"x":-0.013807935640215874,"y":0.012281355448067189,"z":-0.0001838190946727991,"w":-0.999785304069519},"size":0.3796287178993225,"orthographic":false}