{"cameraMode":{"drawMode":0,"name":"Shaded","section":"Shading Mode"},"sceneLighting":false,"audioPlay":false,"sceneViewState":{"m_AlwaysRefresh":false,"showFog":true,"showSkybox":false,"showFlares":true,"showImageEffects":true,"showParticleSystems":true,"showVisualEffectGraphs":true,"m_FxEnabled":true},"in2DMode":false,"pivot":{"x":-8.765726089477539,"y":1.7364989519119263,"z":21.207326889038087},"rotation":{"x":0.002294151345267892,"y":0.7588335871696472,"z":0.002775397850200534,"w":-0.6511867046356201},"size":0.7088723182678223,"orthographic":false}