{"cameraMode":{"drawMode":0,"name":"Shaded","section":"Shading Mode"},"sceneLighting":false,"audioPlay":false,"sceneViewState":{"m_AlwaysRefresh":false,"showFog":true,"showSkybox":false,"showFlares":true,"showImageEffects":true,"showParticleSystems":true,"showVisualEffectGraphs":true,"m_FxEnabled":true},"in2DMode":false,"pivot":{"x":-4.966046333312988,"y":3.1203083992004396,"z":-5.034512042999268},"rotation":{"x":-0.030891694128513337,"y":-0.23759646713733674,"z":0.007557454984635115,"w":-0.9707642197608948},"size":1.5409116744995118,"orthographic":false}