{"cameraMode":{"drawMode":0,"name":"Shaded","section":"Shading Mode"},"sceneLighting":false,"audioPlay":false,"sceneViewState":{"m_AlwaysRefresh":false,"showFog":true,"showSkybox":false,"showFlares":true,"showImageEffects":true,"showParticleSystems":true,"showVisualEffectGraphs":true,"m_FxEnabled":true},"in2DMode":false,"pivot":{"x":1.4004795551300049,"y":1.219310998916626,"z":1.7509994506835938},"rotation":{"x":0.046749234199523929,"y":-0.9393019676208496,"z":0.14223715662956239,"w":0.3082458972930908},"size":0.5532928109169006,"orthographic":false}